{"cameraMode":{"drawMode":0,"name":"Shaded","section":"Shading Mode"},"sceneLighting":true,"audioPlay":false,"sceneViewState":{"m_AlwaysRefresh":false,"showFog":true,"showSkybox":true,"showFlares":true,"showImageEffects":true,"showParticleSystems":true,"showVisualEffectGraphs":true,"m_FxEnabled":true},"in2DMode":false,"pivot":{"x":-14.754964828491211,"y":5.457620620727539,"z":-13.454593658447266},"rotation":{"x":0.28246045112609866,"y":0.3966456651687622,"z":-0.12971074879169465,"w":0.8637335300445557},"size":15.986944198608399,"orthographic":false}