{"cameraMode":{"drawMode":0,"name":"Shaded","section":"Shading Mode"},"sceneLighting":false,"audioPlay":false,"sceneViewState":{"m_AlwaysRefresh":false,"showFog":true,"showSkybox":false,"showFlares":true,"showImageEffects":true,"showParticleSystems":true,"showVisualEffectGraphs":true,"m_FxEnabled":true},"in2DMode":false,"pivot":{"x":16.18476676940918,"y":2.4820244312286379,"z":7.470457077026367},"rotation":{"x":-0.07492729276418686,"y":0.0018027608748525382,"z":-0.00012593643623404205,"w":-0.9971499443054199},"size":5.056272983551025,"orthographic":true}