{"cameraMode":{"drawMode":0,"name":"Shaded","section":"Shading Mode"},"sceneLighting":false,"audioPlay":false,"sceneViewState":{"m_AlwaysRefresh":false,"showFog":true,"showSkybox":false,"showFlares":true,"showImageEffects":true,"showParticleSystems":true,"showVisualEffectGraphs":true,"m_FxEnabled":true},"in2DMode":false,"pivot":{"x":-26.2390193939209,"y":3.622711658477783,"z":-23.888856887817384},"rotation":{"x":-0.07492729276418686,"y":0.0018027608748525382,"z":-0.00012593643623404205,"w":-0.9971499443054199},"size":5.5211262702941898,"orthographic":true}