{"cameraMode":{"drawMode":0,"name":"Shaded","section":"Shading Mode"},"sceneLighting":false,"audioPlay":false,"sceneViewState":{"m_AlwaysRefresh":false,"showFog":true,"showSkybox":false,"showFlares":true,"showImageEffects":true,"showParticleSystems":true,"showVisualEffectGraphs":true,"m_FxEnabled":true},"in2DMode":false,"pivot":{"x":-24.55701446533203,"y":1.0040972232818604,"z":-26.38456916809082},"rotation":{"x":-0.07492729276418686,"y":0.0018027608748525382,"z":-0.00012593643623404205,"w":-0.9971499443054199},"size":2.458446979522705,"orthographic":true}